id,job_id,level_id
1,5001,1
2,5192,1
3,5034,1
4,5078,1
5,5104,1
6,7328,1
7,5150,1
8,5245,1
9,5247,1
10,5301,1
11,5355,1
12,5367,1
13,5394,1
14,5401,1
15,5424,1
16,5438,1
17,5450,1
18,5556,1
19,5560,1
20,5567,1
21,5568,1
22,5574,1
23,5580,1
24,5583,1
25,5586,1
26,5590,1
27,5599,1
28,5610,1
29,5611,1
30,5616,1
31,5624,1
32,5631,1
33,5693,1
34,5701,1
35,5728,1
36,5777,1
37,5866,1
38,5883,1
39,5895,1
40,35,1
41,92,1
42,204,1
43,227,1
44,1122,1
45,3172,1
46,3192,1
47,3616,1
48,3960,1
49,4730,1
50,6007,1
51,6252,1
52,403,1
53,6429,1
54,482,1
55,483,1
56,484,1
57,71,1
58,245,1
59,235,1
60,291,1
61,295,1
62,314,1
63,316,1
64,351,1
65,490,1
66,368,1
67,1296,1
68,391,1
69,434,1
70,462,1
71,459,1
72,481,1
73,486,1
74,488,1
75,491,1
76,559,1
77,4959,1
78,569,1
79,591,1
80,593,1
81,607,1
82,619,1
83,5519,1
84,629,1
85,638,1
86,663,1
87,746,1
88,721,1
89,699,1
90,743,1
91,759,1
92,760,1
93,772,1
94,778,1
95,827,1
96,806,1
97,838,1
98,841,1
99,853,1
100,864,1
101,865,1
102,902,1
103,906,1
104,907,1
105,1016,1
106,1043,1
107,1075,1
108,1161,1
109,1176,1
110,1517,1
111,5042,1
112,1599,1
113,1663,1
114,1679,1
115,1738,1
116,1752,1
117,1788,1
118,1793,1
119,1796,1
120,1801,1
121,1809,1
122,1834,1
123,1837,1
124,1870,1
125,1898,1
126,1900,1
127,1907,1
128,1917,1
129,1942,1
130,1976,1
131,2118,1
132,2169,1
133,2204,1
134,2214,1
135,2313,1
136,4196,1
137,2341,1
138,2467,1
139,2588,1
140,2629,1
141,2632,1
142,5197,1
143,5468,1
144,5481,1
145,2727,1
146,2739,1
147,5989,1
148,2738,1
149,62,1
150,2772,1
151,2790,1
152,2899,1
153,5077,1
154,2916,1
155,2953,1
156,3042,1
157,3188,1
158,3222,1
159,4937,1
160,3232,1
161,3258,1
162,3268,1
163,3290,1
164,3291,1
165,3318,1
166,3368,1
167,3420,1
168,3424,1
169,3467,1
170,3596,1
171,3650,1
172,3765,1
173,3787,1
174,3939,1
175,3942,1
176,3963,1
177,3967,1
178,4611,1
179,4063,1
180,4126,1
181,4284,1
182,4157,1
183,4265,1
184,4266,1
185,4274,1
186,224,1
187,4291,1
188,4326,1
189,4336,1
190,4339,1
191,4356,1
192,4413,1
193,4432,1
194,4440,1
195,4458,1
196,4473,1
197,4515,1
198,4668,1
199,4686,1
200,4706,1
201,5241,1
202,6084,1
203,6111,1
204,6124,1
205,6128,1
206,6164,1
207,6175,1
208,6225,1
209,14,1
210,6270,1
211,6303,1
212,6323,1
213,6340,1
214,6353,1
215,6370,1
216,6372,1
217,6378,1
218,6414,1
219,6427,1
220,6444,1
221,6447,1
222,6452,1
223,6488,1
224,6491,1
225,6502,1
226,6541,1
227,6550,1
228,6554,1
229,6631,1
230,6642,1
231,6658,1
232,6672,1
233,6709,1
234,6800,1
235,6812,1
236,6875,1
237,6902,1
238,6947,1
239,6961,1
240,6969,1
241,6982,1
242,6986,1
243,6989,1
244,7006,1
245,3,1
246,4762,1
247,7184,1
248,98,1
249,7208,1
250,4769,1
251,4778,1
252,4805,1
253,5121,1
254,4842,1
255,4844,1
256,4846,1
257,5127,1
258,5140,1
259,5992,1
260,4878,1
261,4882,1
262,4967,1
263,4891,1
264,5160,1
265,5161,1
266,4934,1
267,5268,1
268,5601,1
269,26,1
270,159,1
271,575,1
272,749,1
273,895,1
274,5,1
275,6834,1
276,15,2
277,53,2
278,56,2
279,58,2
280,180,2
281,210,2
282,710,2
283,811,2
284,1053,2
285,1066,2
286,1093,2
287,1116,2
288,1213,2
289,1332,2
290,1524,2
291,1694,2
292,1877,2
293,4550,2
294,2518,2
295,2644,2
296,2905,2
297,2996,2
298,3245,2
299,3346,2
300,3480,2
301,3601,2
302,4117,2
303,4362,2
304,4678,2
305,6612,2
306,6748,2
307,7268,2
308,74,2
309,84,2
310,95,2
311,96,2
312,1245,2
313,647,2
314,1253,2
315,120,2
316,121,2
317,136,2
318,142,2
319,143,2
320,144,2
321,145,2
322,147,2
323,150,2
324,153,2
325,154,2
326,160,2
327,162,2
328,163,2
329,164,2
330,166,2
331,175,2
332,178,2
333,181,2
334,202,2
335,215,2
336,231,2
337,247,2
338,1261,2
339,1278,2
340,1280,2
341,1282,2
342,301,2
343,307,2
344,310,2
345,313,2
346,317,2
347,330,2
348,331,2
349,338,2
350,350,2
351,355,2
352,360,2
353,361,2
354,370,2
355,378,2
356,379,2
357,382,2
358,433,2
359,396,2
360,392,2
361,440,2
362,441,2
363,442,2
364,443,2
365,445,2
366,446,2
367,467,2
368,474,2
369,485,2
370,493,2
371,494,2
372,495,2
373,535,2
374,540,2
375,541,2
376,543,2
377,544,2
378,554,2
379,561,2
380,564,2
381,595,2
382,599,2
383,601,2
384,602,2
385,605,2
386,606,2
387,617,2
388,620,2
389,630,2
390,632,2
391,633,2
392,655,2
393,660,2
394,664,2
395,665,2
396,668,2
397,671,2
398,674,2
399,709,2
400,687,2
401,689,2
402,694,2
403,704,2
404,714,2
405,716,2
406,719,2
407,720,2
408,724,2
409,730,2
410,734,2
411,744,2
412,747,2
413,751,2
414,752,2
415,753,2
416,776,2
417,782,2
418,783,2
419,784,2
420,786,2
421,789,2
422,795,2
423,801,2
424,804,2
425,810,2
426,825,2
427,832,2
428,837,2
429,840,2
430,844,2
431,846,2
432,847,2
433,852,2
434,871,2
435,873,2
436,879,2
437,883,2
438,893,2
439,896,2
440,901,2
441,908,2
442,913,2
443,920,2
444,929,2
445,930,2
446,948,2
447,949,2
448,970,2
449,971,2
450,974,2
451,991,2
452,1003,2
453,1014,2
454,1017,2
455,1022,2
456,1048,2
457,1056,2
458,1067,2
459,1069,2
460,1079,2
461,1085,2
462,1086,2
463,1130,2
464,1131,2
465,1145,2
466,1158,2
467,1177,2
468,1178,2
469,1207,2
470,1193,2
471,1200,2
472,1335,2
473,1353,2
474,1396,2
475,1404,2
476,1410,2
477,1414,2
478,1426,2
479,1435,2
480,1439,2
481,1445,2
482,1455,2
483,1458,2
484,1459,2
485,1473,2
486,1474,2
487,1480,2
488,1481,2
489,1512,2
490,1513,2
491,1514,2
492,1518,2
493,1522,2
494,1542,2
495,1550,2
496,1560,2
497,1562,2
498,1566,2
499,1611,2
500,1616,2
501,1633,2
502,1643,2
503,1659,2
504,1671,2
505,1715,2
506,1674,2
507,1684,2
508,1696,2
509,1701,2
510,1733,2
511,1746,2
512,1766,2
513,1775,2
514,1780,2
515,1782,2
516,1797,2
517,1804,2
518,1808,2
519,1810,2
520,1812,2
521,1823,2
522,1856,2
523,1863,2
524,1901,2
525,1908,2
526,1928,2
527,1938,2
528,1943,2
529,1951,2
530,1952,2
531,1953,2
532,1957,2
533,1965,2
534,1979,2
535,1981,2
536,2008,2
537,2011,2
538,2015,2
539,2020,2
540,2032,2
541,2053,2
542,2067,2
543,2091,2
544,2093,2
545,2095,2
546,2103,2
547,2107,2
548,2108,2
549,2111,2
550,4569,2
551,2162,2
552,2167,2
553,2179,2
554,2183,2
555,2186,2
556,2207,2
557,2216,2
558,2218,2
559,2235,2
560,2262,2
561,2272,2
562,2303,2
563,2304,2
564,2337,2
565,2346,2
566,2373,2
567,2380,2
568,2387,2
569,2410,2
570,2426,2
571,2440,2
572,2449,2
573,2477,2
574,2501,2
575,2524,2
576,2569,2
577,2577,2
578,2753,2
579,2583,2
580,2586,2
581,2594,2
582,2603,2
583,2605,2
584,2670,2
585,2673,2
586,2696,2
587,2703,2
588,2709,2
589,2712,2
590,2917,2
591,2755,2
592,2761,2
593,2778,2
594,2780,2
595,2782,2
596,2795,2
597,2803,2
598,2829,2
599,2834,2
600,2865,2
601,2873,2
602,2876,2
603,2878,2
604,2914,2
605,2918,2
606,2936,2
607,2938,2
608,2943,2
609,2955,2
610,2956,2
611,2959,2
612,2983,2
613,2985,2
614,2992,2
615,3010,2
616,3015,2
617,3027,2
618,3030,2
619,3064,2
620,3107,2
621,3120,2
622,3166,2
623,3186,2
624,3199,2
625,3200,2
626,3204,2
627,3225,2
628,3231,2
629,3239,2
630,3249,2
631,3261,2
632,3270,2
633,3275,2
634,3276,2
635,3300,2
636,3307,2
637,3350,2
638,3352,2
639,3366,2
640,3369,2
641,3374,2
642,3381,2
643,3392,2
644,3419,2
645,3423,2
646,3429,2
647,3443,2
648,3448,2
649,3459,2
650,3462,2
651,3470,2
652,3479,2
653,3576,2
654,3579,2
655,3580,2
656,3602,2
657,3604,2
658,3618,2
659,3631,2
660,3632,2
661,3674,2
662,3677,2
663,3681,2
664,3693,2
665,4214,2
666,3786,2
667,3838,2
668,3846,2
669,3850,2
670,3859,2
671,3862,2
672,3863,2
673,3879,2
674,3883,2
675,3885,2
676,3891,2
677,3898,2
678,3899,2
679,3901,2
680,3909,2
681,3910,2
682,3912,2
683,3917,2
684,3930,2
685,3947,2
686,3952,2
687,3954,2
688,3955,2
689,3965,2
690,4588,2
691,4596,2
692,4597,2
693,4601,2
694,4017,2
695,4602,2
696,4614,2
697,4060,2
698,4065,2
699,4083,2
700,4094,2
701,4099,2
702,4101,2
703,4102,2
704,4105,2
705,4106,2
706,4140,2
707,4149,2
708,4151,2
709,4195,2
710,4197,2
711,4198,2
712,4203,2
713,4211,2
714,4219,2
715,4222,2
716,4223,2
717,4232,2
718,4257,2
719,4263,2
720,7203,2
721,4264,2
722,4267,2
723,4278,2
724,4279,2
725,4312,2
726,4338,2
727,4369,2
728,4374,2
729,4379,2
730,4388,2
731,4395,2
732,4398,2
733,4424,2
734,4427,2
735,4428,2
736,4435,2
737,11,2
738,4452,2
739,4623,2
740,4632,2
741,4636,2
742,4644,2
743,4647,2
744,4693,2
745,4709,2
746,4713,2
747,4722,2
748,5232,2
749,5480,2
750,5492,2
751,6008,2
752,6026,2
753,6127,2
754,6134,2
755,6163,2
756,6171,2
757,6181,2
758,18,2
759,6204,2
760,6224,2
761,6228,2
762,6243,2
763,6245,2
764,6261,2
765,6274,2
766,6301,2
767,6307,2
768,6308,2
769,6332,2
770,6334,2
771,6349,2
772,6391,2
773,6402,2
774,6420,2
775,6422,2
776,24,2
777,6445,2
778,6513,2
779,6552,2
780,6553,2
781,6583,2
782,6589,2
783,6613,2
784,6621,2
785,6623,2
786,6638,2
787,6643,2
788,6689,2
789,6714,2
790,6726,2
791,6769,2
792,6781,2
793,6789,2
794,6791,2
795,6829,2
796,6839,2
797,6885,2
798,6890,2
799,6908,2
800,7246,2
801,6932,2
802,6942,2
803,6965,2
804,6990,2
805,6,2
806,8,2
807,7097,2
808,7105,2
809,16,2
810,17,2
811,88,2
812,7136,2
813,28,2
814,37,2
815,36,2
816,7187,2
817,60,2
818,207,2
819,57,2
820,7206,2
821,7207,2
822,7209,2
823,66,2
824,97,2
825,7214,2
826,238,2
827,7240,2
828,80,2
829,83,2
830,7261,2
831,223,2
832,19,3
833,27,3
834,65,3
835,76,3
836,189,3
837,1496,3
838,1506,3
839,1525,3
840,1595,3
841,1644,3
842,2488,3
843,6442,3
844,6696,3
845,138,3
846,7096,3
847,69,3
848,73,3
849,126,3
850,130,3
851,161,3
852,194,3
853,201,3
854,217,3
855,242,3
856,303,3
857,649,3
858,309,3
859,315,3
860,650,3
861,367,3
862,369,3
863,373,3
864,380,3
865,1295,3
866,399,3
867,404,3
868,455,3
869,1339,3
870,530,3
871,534,3
872,557,3
873,560,3
874,562,3
875,570,3
876,612,3
877,621,3
878,622,3
879,634,3
880,639,3
881,641,3
882,654,3
883,675,3
884,677,3
885,690,3
886,692,3
887,735,3
888,736,3
889,737,3
890,738,3
891,740,3
892,741,3
893,785,3
894,812,3
895,858,3
896,876,3
897,880,3
898,888,3
899,890,3
900,892,3
901,897,3
902,904,3
903,947,3
904,986,3
905,1018,3
906,1030,3
907,1062,3
908,1064,3
909,1087,3
910,1333,3
911,1429,3
912,1493,3
913,1553,3
914,1578,3
915,1579,3
916,1580,3
917,1689,3
918,1700,3
919,1739,3
920,1742,3
921,1762,3
922,1769,3
923,1781,3
924,1860,3
925,1864,3
926,1888,3
927,1886,3
928,1929,3
929,1973,3
930,1987,3
931,2005,3
932,2109,3
933,2112,3
934,2219,3
935,2170,3
936,2177,3
937,2187,3
938,2225,3
939,2234,3
940,2265,3
941,2306,3
942,2344,3
943,2425,3
944,2430,3
945,2489,3
946,2503,3
947,2523,3
948,2728,3
949,2745,3
950,2760,3
951,2762,3
952,2773,3
953,2824,3
954,2867,3
955,2885,3
956,2886,3
957,2910,3
958,2975,3
959,3070,3
960,3212,3
961,3266,3
962,3292,3
963,3305,3
964,3322,3
965,3391,3
966,3396,3
967,3464,3
968,3646,3
969,3682,3
970,3697,3
971,3737,3
972,3777,3
973,3810,3
974,3811,3
975,3845,3
976,3860,3
977,3868,3
978,3896,3
979,3949,3
980,4352,3
981,4612,3
982,4043,3
983,4045,3
984,4074,3
985,4077,3
986,4145,3
987,4225,3
988,4241,3
989,4321,3
990,4345,3
991,4423,3
992,4476,3
993,4492,3
994,4629,3
995,4640,3
996,4645,3
997,4673,3
998,4688,3
999,4707,3
1000,5488,3
1001,6014,3
1002,6015,3
1003,6017,3
1004,6022,3
1005,6063,3
1006,6162,3
1007,6165,3
1008,50,3
1009,6205,3
1010,6230,3
1011,45,3
1012,6286,3
1013,6312,3
1014,9,3
1015,46,3
1016,6398,3
1017,6403,3
1018,6404,3
1019,6425,3
1020,6426,3
1021,6650,3
1022,6482,3
1023,6512,3
1024,6516,3
1025,6527,3
1026,6582,3
1027,6619,3
1028,6634,3
1029,6644,3
1030,6677,3
1031,6687,3
1032,6732,3
1033,6764,3
1034,6771,3
1035,6824,3
1036,6838,3
1037,6871,3
1038,6913,3
1039,6985,3
1040,7024,3
1041,188,3
1042,7118,3
1043,29,3
1044,43,3
1045,47,3
1046,48,3
1047,49,3
1048,44,3
1049,55,3
1050,205,3
1051,7218,3
1052,7220,3
1053,78,3
1054,218,3
1055,7265,3
1056,12,4
1057,30,4
1058,1301,4
1059,1392,4
1060,4571,4
1061,2689,4
1062,3157,4
1063,3553,4
1064,3735,4
1065,4089,4
1066,6853,4
1067,1244,4
1068,177,4
1069,1259,4
1070,1266,4
1071,357,4
1072,1025,4
1073,1074,4
1074,1126,4
1075,1195,4
1076,1229,4
1077,1336,4
1078,1340,4
1079,1373,4
1080,1377,4
1081,1417,4
1082,1460,4
1083,1467,4
1084,1469,4
1085,1470,4
1086,1472,4
1087,1495,4
1088,1594,4
1089,1629,4
1090,1728,4
1091,1826,4
1092,1844,4
1093,2267,4
1094,2277,4
1095,2290,4
1096,2500,4
1097,2701,4
1098,2934,4
1099,3734,4
1100,3741,4
1101,3784,4
1102,3785,4
1103,3821,4
1104,3881,4
1105,4048,4
1106,4057,4
1107,4070,4
1108,4075,4
1109,4100,4
1110,4226,4
1111,4250,4
1112,4372,4
1113,4387,4
1114,4399,4
1115,4480,4
1116,4633,4
1117,4684,4
1118,6016,4
1119,6042,4
1120,6065,4
1121,6158,4
1122,6262,4
1123,6266,4
1124,6310,4
1125,6320,4
1126,6454,4
1127,6467,4
1128,6620,4
1129,6717,4
1130,6724,4
1131,6731,4
1132,77,4
1133,6916,4
1134,6935,4
1135,6949,4
1136,172,5
1137,961,5
1138,1349,5
1139,1386,5
1140,1393,5
1141,1475,5
1142,2010,5
1143,2081,5
1144,2643,5
1145,2840,5
1146,2859,5
1147,2897,5
1148,3488,5
1149,3514,5
1150,3515,5
1151,3538,5
1152,3545,5
1153,3551,5
1154,3827,5
1155,3889,5
1156,646,5
1157,6168,5
1158,6389,5
1159,6688,5
1160,6746,5
1161,6796,5
1162,6963,5
1163,70,5
1164,93,5
1165,1252,5
1166,132,5
1167,216,5
1168,1263,5
1169,1264,5
1170,1276,5
1171,1283,5
1172,1285,5
1173,332,5
1174,343,5
1175,346,5
1176,386,5
1177,384,5
1178,390,5
1179,388,5
1180,387,5
1181,556,5
1182,574,5
1183,623,5
1184,662,5
1185,667,5
1186,781,5
1187,790,5
1188,793,5
1189,869,5
1190,874,5
1191,910,5
1192,911,5
1193,979,5
1194,981,5
1195,1077,5
1196,1078,5
1197,1138,5
1198,1189,5
1199,1202,5
1200,1240,5
1201,1346,5
1202,1360,5
1203,1374,5
1204,1380,5
1205,1399,5
1206,1402,5
1207,1412,5
1208,1421,5
1209,1422,5
1210,1428,5
1211,1441,5
1212,1464,5
1213,1556,5
1214,1561,5
1215,1569,5
1216,1605,5
1217,1606,5
1218,1617,5
1219,1650,5
1220,1654,5
1221,1688,5
1222,1756,5
1223,1757,5
1224,1758,5
1225,1763,5
1226,1783,5
1227,1794,5
1228,1848,5
1229,1892,5
1230,1905,5
1231,1910,5
1232,1930,5
1233,1933,5
1234,1977,5
1235,1980,5
1236,2094,5
1237,2105,5
1238,4555,5
1239,4557,5
1240,4561,5
1241,4562,5
1242,4566,5
1243,4574,5
1244,2172,5
1245,2175,5
1246,2199,5
1247,2211,5
1248,2215,5
1249,2221,5
1250,2223,5
1251,2252,5
1252,2253,5
1253,2280,5
1254,2400,5
1255,2345,5
1256,2384,5
1257,2417,5
1258,2418,5
1259,2450,5
1260,2457,5
1261,2470,5
1262,2505,5
1263,2546,5
1264,2550,5
1265,2551,5
1266,2555,5
1267,2642,5
1268,2590,5
1269,2627,5
1270,2654,5
1271,2669,5
1272,2677,5
1273,2678,5
1274,2777,5
1275,2799,5
1276,2820,5
1277,2889,5
1278,2898,5
1279,2926,5
1280,2979,5
1281,2989,5
1282,3025,5
1283,3108,5
1284,3135,5
1285,3205,5
1286,3235,5
1287,3238,5
1288,3250,5
1289,3278,5
1290,3308,5
1291,3313,5
1292,3315,5
1293,3316,5
1294,3324,5
1295,3569,5
1296,3385,5
1297,3442,5
1298,3446,5
1299,3449,5
1300,3460,5
1301,3461,5
1302,3468,5
1303,3469,5
1304,3471,5
1305,3472,5
1306,3547,5
1307,3635,5
1308,3636,5
1309,3647,5
1310,3678,5
1311,3683,5
1312,3699,5
1313,3701,5
1314,3706,5
1315,3719,5
1316,3727,5
1317,3728,5
1318,3733,5
1319,3739,5
1320,3746,5
1321,3747,5
1322,3767,5
1323,3772,5
1324,3774,5
1325,3793,5
1326,3813,5
1327,3818,5
1328,3825,5
1329,3828,5
1330,3830,5
1331,3852,5
1332,3867,5
1333,3869,5
1334,3887,5
1335,3894,5
1336,3900,5
1337,3920,5
1338,3941,5
1339,3962,5
1340,3968,5
1341,3970,5
1342,3971,5
1343,3978,5
1344,3981,5
1345,3986,5
1346,4579,5
1347,4598,5
1348,4047,5
1349,4059,5
1350,4142,5
1351,4158,5
1352,4173,5
1353,4191,5
1354,4192,5
1355,4525,5
1356,4218,5
1357,4235,5
1358,4255,5
1359,4262,5
1360,4275,5
1361,4281,5
1362,4298,5
1363,4305,5
1364,4317,5
1365,4324,5
1366,4359,5
1367,4408,5
1368,4416,5
1369,4419,5
1370,4433,5
1371,4434,5
1372,4461,5
1373,4466,5
1374,4468,5
1375,4470,5
1376,4475,5
1377,4483,5
1378,4485,5
1379,4526,5
1380,4527,5
1381,4528,5
1382,4537,5
1383,4545,5
1384,4654,5
1385,4658,5
1386,4664,5
1387,4674,5
1388,4700,5
1389,5221,5
1390,5231,5
1391,5249,5
1392,5253,5
1393,5258,5
1394,5280,5
1395,5482,5
1396,6010,5
1397,6048,5
1398,6070,5
1399,6071,5
1400,6075,5
1401,6078,5
1402,6080,5
1403,6082,5
1404,6088,5
1405,6089,5
1406,6095,5
1407,6096,5
1408,6099,5
1409,6100,5
1410,6110,5
1411,6169,5
1412,6174,5
1413,6182,5
1414,6185,5
1415,6214,5
1416,6221,5
1417,6227,5
1418,6229,5
1419,6233,5
1420,6235,5
1421,6256,5
1422,6272,5
1423,6273,5
1424,6277,5
1425,6282,5
1426,6289,5
1427,6291,5
1428,6292,5
1429,6318,5
1430,6343,5
1431,6363,5
1432,6366,5
1433,6369,5
1434,6390,5
1435,6407,5
1436,6408,5
1437,6411,5
1438,6423,5
1439,6456,5
1440,6463,5
1441,6470,5
1442,6476,5
1443,6489,5
1444,6496,5
1445,6501,5
1446,6507,5
1447,6518,5
1448,6528,5
1449,6529,5
1450,6546,5
1451,6551,5
1452,6570,5
1453,6573,5
1454,6588,5
1455,6591,5
1456,6598,5
1457,6604,5
1458,6606,5
1459,6616,5
1460,6632,5
1461,6635,5
1462,6637,5
1463,6656,5
1464,6664,5
1465,6670,5
1466,6674,5
1467,6675,5
1468,6676,5
1469,6684,5
1470,6691,5
1471,6692,5
1472,6700,5
1473,6716,5
1474,6718,5
1475,6725,5
1476,6773,5
1477,6775,5
1478,6804,5
1479,6806,5
1480,6826,5
1481,6832,5
1482,6855,5
1483,6860,5
1484,6863,5
1485,6889,5
1486,6896,5
1487,6899,5
1488,6904,5
1489,6912,5
1490,6923,5
1491,6936,5
1492,6941,5
1493,6957,5
1494,6970,5
1495,6971,5
1496,6972,5
1497,6976,5
1498,6991,5
1499,6993,5
1500,6996,5
1501,7002,5
1502,7016,5
1503,7018,5
1504,7019,5
1505,23,5
1506,190,5
1507,176,5
1508,59,5
1509,2871,5
1510,7244,5
1511,79,5
1512,6375,5
1513,244,6
1514,304,6
1515,1347,6
1516,3659,6
1517,3713,6
1518,4505,6
1519,5244,6
1520,185,6
1521,1265,6
1522,1279,6
1523,1286,6
1524,300,6
1525,322,6
1526,334,6
1527,335,6
1528,400,6
1529,5384,6
1530,5434,6
1531,5724,6
1532,5897,6
1533,5903,6
1534,6001,6
1535,1724,6
1536,584,6
1537,794,6
1538,878,6
1539,887,6
1540,936,6
1541,952,6
1542,1061,6
1543,1167,6
1544,1182,6
1545,1204,6
1546,1356,6
1547,1431,6
1548,1444,6
1549,1471,6
1550,1581,6
1551,1631,6
1552,1743,6
1553,1805,6
1554,1867,6
1555,1873,6
1556,1875,6
1557,1895,6
1558,1899,6
1559,1925,6
1560,4568,6
1561,2268,6
1562,2289,6
1563,2730,6
1564,2752,6
1565,2770,6
1566,3098,6
1567,3101,6
1568,5147,6
1569,3263,6
1570,3314,6
1571,3383,6
1572,3574,6
1573,3754,6
1574,3775,6
1575,3783,6
1576,3797,6
1577,3804,6
1578,3948,6
1579,4928,6
1580,3984,6
1581,4046,6
1582,4068,6
1583,4073,6
1584,4207,6
1585,4249,6
1586,4276,6
1587,4335,6
1588,4373,6
1589,4478,6
1590,4482,6
1591,4494,6
1592,4511,6
1593,4622,6
1594,5266,6
1595,5433,6
1596,6005,6
1597,5563,6
1598,5566,6
1599,5608,6
1600,5635,6
1601,5723,6
1602,6146,6
1603,6189,6
1604,6275,6
1605,6603,6
1606,6641,6
1607,6662,6
1608,6830,6
1609,6843,6
1610,6914,6
1611,6977,6
1612,94,6
1613,4448,7
1614,4451,7
1615,1249,7
1616,1268,7
1617,1289,7
1618,326,7
1619,364,7
1620,359,7
1621,371,7
1622,1298,7
1623,436,7
1624,438,7
1625,439,7
1626,1318,7
1627,1320,7
1628,731,7
1629,997,7
1630,999,7
1631,1026,7
1632,1180,7
1633,1362,7
1634,1468,7
1635,1588,7
1636,1815,7
1637,1817,7
1638,1918,7
1639,1923,7
1640,1926,7
1641,1949,7
1642,2004,7
1643,2030,7
1644,2232,7
1645,2307,7
1646,2437,7
1647,2461,7
1648,3178,7
1649,3548,7
1650,3581,7
1651,3692,7
1652,3778,7
1653,3794,7
1654,3795,7
1655,3851,7
1656,3908,7
1657,4425,7
1658,4656,7
1659,4071,7
1660,4072,7
1661,4104,7
1662,4162,7
1663,4309,7
1664,4380,7
1665,4464,7
1666,4543,7
1667,4624,7
1668,5486,7
1669,6271,7
1670,6290,7
1671,6377,7
1672,6461,7
1673,6770,7
1674,6809,7
1675,6987,7
1676,12,6
1677,76,6
1678,5511,6
1679,4550,6
1680,806,6
1681,5315,6
1682,4994,6
1683,4996,6
1684,5174,6
1685,5406,6
1686,5024,6
1687,5032,6
1688,5987,6
1689,5464,6
1690,5200,6
1691,5206,6
1692,96,6
1693,3467,6
1694,5095,6
1695,4940,6
1696,5613,6
1697,6491,6
1698,4765,6
1699,5106,6
1700,1195,6
1701,1404,6
1702,1417,6
1703,1470,6
1704,1522,6
1705,4803,6
1706,5118,6
1707,5123,6
1708,4997,6
1709,5936,6
1710,4100,6
1711,5182,6
1712,4222,6
1713,5162,6
1714,4399,6
1715,4952,6
1716,5276,6
1717,5292,6
1718,5318,6
1719,5335,6
1720,5337,6
1721,5345,6
1722,5347,6
1723,5419,6
1724,5421,6
1725,5430,6
1726,5460,6
1727,5550,6
1728,5595,6
1729,5600,6
1730,5602,6
1731,5607,6
1732,5628,6
1733,5643,6
1734,5644,6
1735,5665,6
1736,5682,6
1737,5737,6
1738,5738,6
1739,5745,6
1740,5764,6
1741,5802,6
1742,5828,6
1743,5838,6
1744,5900,6
1745,5902,6
1746,5944,6
1747,5945,6
1748,5949,6
1749,5959,6
1750,5993,6
1751,5997,6
1752,6002,6
1753,6620,6
1754,5262,6
1755,6358,6
1756,5450,2
1757,5583,2
1758,5590,2
1759,5599,2
1760,5513,2
1761,4814,2
1762,291,2
1763,5516,2
1764,462,2
1765,4849,2
1766,4858,2
1767,5517,2
1768,5518,2
1769,4964,2
1770,5473,2
1771,4904,2
1772,4905,2
1773,865,2
1774,5524,2
1775,5714,2
1776,5525,2
1777,5526,2
1778,1161,2
1779,5527,2
1780,4870,2
1781,5530,2
1782,5359,2
1783,5531,2
1784,5128,2
1785,5315,2
1786,5760,2
1787,5956,2
1788,4991,2
1789,4992,2
1790,5002,2
1791,5006,2
1792,5007,2
1793,5010,2
1794,5014,2
1795,5017,2
1796,5019,2
1797,5178,2
1798,5180,2
1799,5190,2
1800,5191,2
1801,5022,2
1802,5415,2
1803,5024,2
1804,5035,2
1805,5036,2
1806,5037,2
1807,5039,2
1808,5040,2
1809,5448,2
1810,5053,2
1811,5054,2
1812,5055,2
1813,5056,2
1814,5464,2
1815,5467,2
1816,5468,2
1817,5063,2
1818,5487,2
1819,5200,2
1820,5214,2
1821,5216,2
1822,4935,2
1823,5491,2
1824,5504,2
1825,5071,2
1826,5077,2
1827,5072,2
1828,5990,2
1829,5079,2
1830,5084,2
1831,5501,2
1832,4756,2
1833,5974,2
1834,5975,2
1835,4284,2
1836,5185,2
1837,4356,2
1838,5189,2
1839,4760,2
1840,5288,2
1841,5103,2
1842,5248,2
1843,5977,2
1844,736,2
1845,737,2
1846,738,2
1847,740,2
1848,5046,2
1849,4767,2
1850,4770,2
1851,4771,2
1852,5305,2
1853,4777,2
1854,5323,2
1855,4781,2
1856,5324,2
1857,4785,2
1858,4786,2
1859,4789,2
1860,5113,2
1861,5295,2
1862,5115,2
1863,4811,2
1864,4795,2
1865,5296,2
1866,4803,2
1867,4804,2
1868,5310,2
1869,5696,2
1870,4806,2
1871,4807,2
1872,4808,2
1873,5983,2
1874,4809,2
1875,4813,2
1876,5312,2
1877,4818,2
1878,4820,2
1879,4821,2
1880,4826,2
1881,5122,2
1882,5074,2
1883,4830,2
1884,5124,2
1885,4832,2
1886,5125,2
1887,5130,2
1888,4836,2
1889,4840,2
1890,4842,2
1891,5112,2
1892,4845,2
1893,5131,2
1894,4848,2
1895,4852,2
1896,4853,2
1897,4854,2
1898,4855,2
1899,4856,2
1900,4857,2
1901,4956,2
1902,4860,2
1903,4862,2
1904,4864,2
1905,5142,2
1906,4867,2
1907,4868,2
1908,4869,2
1909,4873,2
1910,4963,2
1911,4886,2
1912,5144,2
1913,5469,2
1914,5146,2
1915,4892,2
1916,5148,2
1917,4903,2
1918,5700,2
1919,4898,2
1920,5327,2
1921,5013,2
1922,5882,2
1923,4916,2
1924,4917,2
1925,4918,2
1926,5028,2
1927,4923,2
1928,5155,2
1929,4931,2
1930,5045,2
1931,5181,2
1932,4947,2
1933,4950,2
1934,4951,2
1935,4953,2
1936,5166,2
1937,4944,2
1938,4945,2
1939,4946,2
1940,5225,2
1941,5236,2
1942,5239,2
1943,5242,2
1944,5276,2
1945,5277,2
1946,5279,2
1947,5268,2
1948,5282,2
1949,5286,2
1950,5287,2
1951,5292,2
1952,5294,2
1953,5298,2
1954,5306,2
1955,5307,2
1956,5313,2
1957,5314,2
1958,5316,2
1959,5318,2
1960,5328,2
1961,5329,2
1962,5331,2
1963,5332,2
1964,5334,2
1965,5344,2
1966,5346,2
1967,5347,2
1968,5349,2
1969,5352,2
1970,5353,2
1971,5354,2
1972,5365,2
1973,5369,2
1974,5371,2
1975,5372,2
1976,5373,2
1977,5379,2
1978,5380,2
1979,5382,2
1980,5390,2
1981,5391,2
1982,5392,2
1983,5393,2
1984,5396,2
1985,5430,2
1986,5431,2
1987,5432,2
1988,5436,2
1989,5453,2
1990,5454,2
1991,5455,2
1992,5458,2
1993,5459,2
1994,5461,2
1995,5502,2
1996,5536,2
1997,5538,2
1998,5544,2
1999,5545,2
2000,5546,2
2001,5553,2
2002,5559,2
2003,5569,2
2004,5573,2
2005,5582,2
2006,5584,2
2007,5585,2
2008,5587,2
2009,5588,2
2010,5594,2
2011,5598,2
2012,5603,2
2013,5604,2
2014,5606,2
2015,5607,2
2016,5621,2
2017,5630,2
2018,5632,2
2019,5637,2
2020,5638,2
2021,5641,2
2022,5650,2
2023,5659,2
2024,5674,2
2025,5678,2
2026,5682,2
2027,5683,2
2028,5689,2
2029,5690,2
2030,5694,2
2031,5695,2
2032,5702,2
2033,5703,2
2034,5706,2
2035,5725,2
2036,5726,2
2037,5727,2
2038,5732,2
2039,5735,2
2040,5738,2
2041,5740,2
2042,5746,2
2043,5747,2
2044,5750,2
2045,5752,2
2046,5756,2
2047,5757,2
2048,5758,2
2049,5762,2
2050,5763,2
2051,5771,2
2052,5775,2
2053,5781,2
2054,5782,2
2055,5783,2
2056,5786,2
2057,5790,2
2058,5797,2
2059,5804,2
2060,5805,2
2061,5808,2
2062,5811,2
2063,5816,2
2064,5817,2
2065,5823,2
2066,5824,2
2067,5825,2
2068,5830,2
2069,5834,2
2070,5835,2
2071,5836,2
2072,5840,2
2073,5842,2
2074,5844,2
2075,5849,2
2076,5851,2
2077,5858,2
2078,5867,2
2079,5872,2
2080,5875,2
2081,5876,2
2082,5879,2
2083,5884,2
2084,5885,2
2085,5889,2
2086,5890,2
2087,5899,2
2088,5901,2
2089,5902,2
2090,5905,2
2091,5909,2
2092,5913,2
2093,5920,2
2094,5925,2
2095,5927,2
2096,5930,2
2097,5932,2
2098,5935,2
2099,5942,2
2100,5943,2
2101,5946,2
2102,5955,2
2103,5958,2
2104,5961,2
2105,5964,2
2106,5965,2
2107,5997,2
2108,6000,2
2109,26,2
2110,5388,2
2111,5250,2
2112,49,2
2113,327,2
2114,406,2
2115,460,2
2116,587,2
2117,1443,2
2118,1450,2
2119,1500,2
2120,1790,2
2121,2487,2
2122,2714,2
2123,7090,2
2124,359,5
2125,1298,5
2126,999,5
2127,1949,5
2128,2232,5
2129,3178,5
2130,3646,5
2131,3795,5
2132,4656,5
2133,4162,5
2134,4380,5
2135,772,7
2136,3659,7
2137,5384,7
2138,5434,7
2139,5724,7
2140,5897,7
2141,5903,7
2142,6001,7
2143,734,7
2144,786,7
2145,952,7
2146,1373,7
2147,1377,7
2148,5147,7
2149,4928,7
2150,5433,7
2151,5563,7
2152,5566,7
2153,5608,7
2154,5635,7
2155,5723,7
2156,5177,3
2157,5417,3
2158,5026,3
2159,3,3
2160,824,3
2161,5471,3
2162,5705,3
2163,898,3
2164,900,3
2165,7267,3
2166,340,3
2167,437,3
2168,449,3
2169,471,3
2170,573,3
2171,757,3
2172,788,3
2173,819,3
2174,820,3
2175,859,3
2176,886,3
2177,1168,3
2178,1825,3
2179,2316,3
2180,2796,3
2181,3173,3
2182,6891,3
2183,7219,3
2184,4936,1
2185,5512,1
2186,4880,1
2187,4904,1
2188,5525,1
2189,4985,1
2190,5075,1
2191,4995,1
2192,5002,1
2193,5009,1
2194,5179,1
2195,5180,1
2196,5022,1
2197,5414,1
2198,5082,1
2199,5086,1
2200,4754,1
2201,5209,1
2202,126,1
2203,4756,1
2204,5189,1
2205,5288,1
2206,735,1
2207,737,1
2208,741,1
2209,876,1
2210,4773,1
2211,4792,1
2212,4802,1
2213,4809,1
2214,4812,1
2215,4841,1
2216,5405,1
2217,4850,1
2218,5139,1
2219,4963,1
2220,4884,1
2221,5011,1
2222,4921,1
2223,4924,1
2224,4926,1
2225,5044,1
2226,5236,1
2227,5252,1
2228,5263,1
2229,5286,1
2230,5290,1
2231,5313,1
2232,5330,1
2233,5344,1
2234,5350,1
2235,5352,1
2236,5354,1
2237,5365,1
2238,5366,1
2239,5370,1
2240,5373,1
2241,5376,1
2242,5383,1
2243,5461,1
2244,5548,1
2245,5609,1
2246,5623,1
2247,5641,1
2248,5645,1
2249,5680,1
2250,5683,1
2251,5687,1
2252,5690,1
2253,5694,1
2254,5698,1
2255,5710,1
2256,5719,1
2257,5747,1
2258,5765,1
2259,5771,1
2260,5788,1
2261,5844,1
2262,5845,1
2263,5854,1
2264,5872,1
2265,5875,1
2266,5906,1
2267,5933,1
2268,5942,1
2269,5994,1
2270,50,1
2271,333,1
2272,5250,1
2273,7,1
2274,68,1
2275,1111,1
2276,2073,1
2277,3623,1
2278,6707,1
2279,6788,1
2280,6984,1
2281,22,1
2282,119,1
2283,125,1
2284,149,1
2285,174,1
2286,344,1
2287,348,1
2288,366,1
2289,1299,1
2290,447,1
2291,627,1
2292,587,1
2293,588,1
2294,594,1
2295,635,1
2296,656,1
2297,658,1
2298,682,1
2299,769,1
2300,796,1
2301,867,1
2302,1057,1
2303,1060,1
2304,1097,1
2305,1129,1
2306,1163,1
2307,1175,1
2308,1190,1
2309,1443,1
2310,1500,1
2311,1545,1
2312,1607,1
2313,1634,1
2314,1686,1
2315,1959,1
2316,1726,1
2317,1741,1
2318,1790,1
2319,1849,1
2320,1878,1
2321,1891,1
2322,1909,1
2323,1924,1
2324,1946,1
2325,2044,1
2326,2047,1
2327,2062,1
2328,2069,1
2329,2231,1
2330,2299,1
2331,2366,1
2332,2427,1
2333,2683,1
2334,2633,1
2335,2681,1
2336,3111,1
2337,2706,1
2338,2714,1
2339,2740,1
2340,3072,1
2341,3103,1
2342,3154,1
2343,3174,1
2344,3228,1
2345,3274,1
2346,3416,1
2347,3418,1
2348,3463,1
2349,3715,1
2350,4154,1
2351,4234,1
2352,4642,1
2353,4671,1
2354,4708,1
2355,5472,1
2356,6011,1
2357,6132,1
2358,6160,1
2359,6219,1
2360,6324,1
2361,6421,1
2362,6568,1
2363,6766,1
2364,6919,1
2365,6937,1
2366,7012,1
2367,7090,1
2368,157,1
2369,7135,1
2370,54,1
2371,830,1
2372,5034,6
2373,5078,6
2374,7329,6
2375,61,6
2376,5438,6
2377,4755,6
2378,5567,6
2379,5568,6
2380,5511,6
2381,5580,6
2382,76,6
2383,5245,4
2384,5301,4
2385,5401,4
2386,56,4
2387,65,4
2388,5556,4
2389,89,4
2390,5560,4
2391,2,4
2392,19,4
2393,27,4
2394,53,4
2395,5104,2
2396,7328,2
2397,5150,2
2398,5247,2
2399,5367,2
2400,5394,2
2401,4936,2
2402,5424,2
2403,5450,2
2404,5574,2
2405,20,5
2406,58,5
2407,20,7
2408,58,7
2409,5034,6
2410,5078,6
2411,7329,6
2412,61,6
2413,5438,6
2414,4755,6
2415,5567,6
2416,5568,6
2417,5511,6
2418,5580,6
2419,5599,6
2420,5728,6
2421,4776,6
2422,5515,6
2423,5519,6
2424,5520,6
2425,5521,6
2426,5524,6
2427,4971,6
2428,4973,6
2429,4976,6
2430,4983,6
2431,4977,6
2432,5378,6
2433,5668,6
2434,5443,6
2435,5877,6
2436,5315,6
2437,4986,6
2438,4994,6
2439,4993,6
2440,4998,6
2441,5000,6
2442,5004,6
2443,5005,6
2444,5172,6
2445,5169,6
2446,5174,6
2447,5361,6
2448,5968,6
2449,5176,6
2450,5406,6
2451,5179,6
2452,5195,6
2453,5411,6
2454,76,6
2455,204,6
2456,759,6
2457,806,6
2458,4905,6
2459,4981,6
2460,4984,6
2461,5284,6
2462,4990,6
2463,4989,6
2464,5412,6
2465,5245,4
2466,5301,4
2467,5401,4
2468,56,4
2469,65,4
2470,5556,4
2471,89,4
2472,5560,4
2473,5583,4
2474,180,4
2475,5512,4
2476,226,4
2477,304,4
2478,5616,4
2479,5610,4
2480,5693,4
2481,4955,4
2482,710,4
2483,5883,4
2484,5915,4
2485,811,4
2486,5895,4
2487,35,4
2488,92,4
2489,482,4
2490,483,4
2491,291,4
2492,314,4
2493,295,4
2494,351,4
2495,368,4
2496,459,4
2497,491,4
2498,5517,4
2499,5518,4
2500,607,4
2501,663,4
2502,629,4
2503,638,4
2504,746,4
2505,699,4
2506,721,4
2507,4890,4
2508,743,4
2509,772,4
2510,778,4
2511,5522,4
2512,827,4
2513,5526,4
2514,5042,4
2515,4970,4
2516,4969,4
2517,646,4
2518,4974,4
2519,4975,4
2520,402,4
2521,5718,4
2522,5760,4
2523,4987,4
2524,4988,4
2525,5007,4
2526,4996,4
2527,5014,4
2528,5020,4
2529,5019,4
2530,5021,4
2531,5410,4
2532,5415,4
2533,2,4
2534,19,4
2535,27,4
2536,53,4
2537,172,4
2538,211,4
2539,397,4
2540,5866,4
2541,403,4
2542,245,4
2543,227,4
2544,391,4
2545,490,4
2546,481,4
2547,71,4
2548,5967,4
2549,488,4
2550,559,4
2551,591,4
2552,593,4
2553,619,4
2554,5473,4
2555,760,4
2556,5525,4
2557,5527,4
2558,4870,4
2559,4979,4
2560,5015,4
2561,5104,2
2562,5192,2
2563,7328,2
2564,5150,2
2565,5247,2
2566,5367,2
2567,5394,2
2568,4936,2
2569,5424,2
2570,5450,2
2571,5574,2
2572,5590,2
2573,5701,2
2574,5777,2
2575,5513,2
2576,5631,2
2577,4814,2
2578,5514,2
2579,5516,2
2580,462,2
2581,434,2
2582,4858,2
2583,4959,2
2584,4880,2
2585,4964,2
2586,4906,2
2587,4908,2
2588,865,2
2589,4927,2
2590,4925,2
2591,4978,2
2592,4980,2
2593,5359,2
2594,5531,2
2595,4985,2
2596,5128,2
2597,4992,2
2598,4991,2
2599,4995,2
2600,5002,2
2601,5008,2
2602,5173,2
2603,5018,2
2604,5017,2
2605,5177,2
2606,5178,2
2607,5191,2
2608,5180,2
2609,5193,2
2610,5190,2
2611,5414,2
2612,5417,2
2613,5167,2
2614,316,2
2615,4849,2
2616,4875,2
2617,4907,2
2618,5530,2
2619,5075,2
2620,5129,2
2621,5010,2
2622,5016,2
2623,5022,2
2624,20,5
2625,58,5
2626,193,5
2627,244,5
2628,484,5
2629,486,5
2630,5168,5
2631,569,5
2632,5529,5
2633,20,7
2634,58,7
2635,193,7
2636,244,7
2637,484,7
2638,486,7
2639,5168,7
2640,569,7
2641,5529,7
2642,5034,6
2643,5078,6
2644,7329,6
2645,61,6
2646,5438,6
2647,4755,6
2648,5567,6
2649,5568,6
2650,5511,6
2651,5580,6
2652,5599,6
2653,5728,6
2654,4776,6
2655,5515,6
2656,5519,6
2657,5520,6
2658,5521,6
2659,5524,6
2660,4971,6
2661,4973,6
2662,4976,6
2663,4983,6
2664,4977,6
2665,5378,6
2666,5668,6
2667,5443,6
2668,5877,6
2669,5315,6
2670,4986,6
2671,4994,6
2672,4993,6
2673,4998,6
2674,5000,6
2675,5004,6
2676,5005,6
2677,5172,6
2678,5169,6
2679,5174,6
2680,5361,6
2681,5968,6
2682,5176,6
2683,5406,6
2684,5179,6
2685,5195,6
2686,5411,6
2687,5194,6
2688,5024,6
2689,5050,6
2690,5052,6
2691,5058,6
2692,5464,6
2693,5465,6
2694,5474,6
2695,5064,6
2696,5200,6
2697,5199,6
2698,5205,6
2699,5207,6
2700,140,6
2701,5496,6
2702,5073,6
2703,5076,6
2704,5085,6
2705,5089,6
2706,132,6
2707,136,6
2708,151,6
2709,177,6
2710,246,6
2711,4938,6
2712,315,6
2713,5095,6
2714,650,6
2715,4940,6
2716,5613,6
2717,5614,6
2718,5188,6
2719,5096,6
2720,5097,6
2721,400,6
2722,4943,6
2723,383,6
2724,5098,6
2725,5099,6
2726,478,6
2727,493,6
2728,537,6
2729,546,6
2730,556,6
2731,557,6
2732,5724,6
2733,5903,6
2734,6001,6
2735,571,6
2736,5101,6
2737,76,6
2738,5203,6
2739,597,6
2740,620,6
2741,628,6
2742,4765,6
2743,630,6
2744,204,6
2745,660,6
2746,669,6
2747,678,6
2748,5655,6
2749,684,6
2750,742,6
2751,745,6
2752,5105,6
2753,790,6
2754,5106,6
2755,4768,6
2756,815,6
2757,817,6
2758,5107,6
2759,759,6
2760,806,6
2761,4905,6
2762,4769,6
2763,4981,6
2764,4984,6
2765,5284,6
2766,4990,6
2767,4989,6
2768,5412,6
2769,5049,6
2770,4775,6
2771,5068,6
2772,5079,6
2773,5505,6
2774,5208,6
2775,93,6
2776,5209,6
2777,4778,6
2778,4779,6
2779,4780,6
2780,5094,6
2781,4784,6
2782,4788,6
2783,399,6
2784,398,6
2785,4791,6
2786,4793,6
2787,4796,6
2788,4764,6
2789,4800,6
2790,4803,6
2791,637,6
2792,5982,6
2793,667,6
2794,5110,6
2795,4815,6
2796,4792,6
2797,4798,6
2798,4797,6
2799,5118,6
2800,5120,6
2801,4821,6
2802,4823,6
2803,5048,6
2804,5123,6
2805,5013,6
2806,5329,6
2807,5328,6
2808,5087,6
2809,4833,6
2810,5385,6
2811,4835,6
2812,5658,6
2813,5656,6
2814,4839,6
2815,5670,6
2816,5748,6
2817,5697,6
2818,5734,6
2819,4843,6
2820,5751,6
2821,5405,6
2822,4844,6
2823,5787,6
2824,5818,6
2825,5801,6
2826,5828,6
2827,5848,6
2828,5132,6
2829,5133,6
2830,5925,6
2831,5127,6
2832,5141,6
2833,344,6
2834,5154,6
2835,4859,6
2836,4864,6
2837,5140,6
2838,4871,6
2839,4872,6
2840,4876,6
2841,4879,6
2842,4965,6
2843,5145,6
2844,4892,6
2845,4997,6
2846,4900,6
2847,5773,6
2848,4901,6
2849,4902,6
2850,4912,6
2851,5715,6
2852,4914,6
2853,5950,6
2854,5151,6
2855,5152,6
2856,5916,6
2857,4929,6
2858,5157,6
2859,5951,6
2860,5044,6
2861,5182,6
2862,5160,6
2863,5161,6
2864,5357,6
2865,5165,6
2866,4948,6
2867,4949,6
2868,4950,6
2869,4952,6
2870,4945,6
2871,5222,6
2872,5228,6
2873,5220,6
2874,5302,6
2875,5292,6
2876,5299,6
2877,5297,6
2878,5303,6
2879,5316,6
2880,5322,6
2881,5314,6
2882,5318,6
2883,5336,6
2884,5333,6
2885,5338,6
2886,5344,6
2887,5347,6
2888,5363,6
2889,5369,6
2890,5386,6
2891,5381,6
2892,5395,6
2893,5392,6
2894,5391,6
2895,5397,6
2896,5404,6
2897,5403,6
2898,5402,6
2899,5423,6
2900,5419,6
2901,5430,6
2902,5442,6
2903,5500,6
2904,5460,6
2905,5459,6
2906,5534,6
2907,5539,6
2908,5543,6
2909,5542,6
2910,5535,6
2911,5544,6
2912,5564,6
2913,5566,6
2914,5563,6
2915,5577,6
2916,5591,6
2917,5589,6
2918,5597,6
2919,5600,6
2920,5608,6
2921,5628,6
2922,5623,6
2923,5630,6
2924,5633,6
2925,5643,6
2926,5644,6
2927,5649,6
2928,5663,6
2929,5660,6
2930,5665,6
2931,5657,6
2932,5666,6
2933,5671,6
2934,5672,6
2935,5682,6
2936,5679,6
2937,5688,6
2938,5692,6
2939,5684,6
2940,5698,6
2941,5699,6
2942,5709,6
2943,5706,6
2944,5711,6
2945,5713,6
2946,5716,6
2947,5721,6
2948,5723,6
2949,5717,6
2950,5722,6
2951,5737,6
2952,5730,6
2953,5731,6
2954,5738,6
2955,5753,6
2956,5769,6
2957,5761,6
2958,5766,6
2959,5767,6
2960,5774,6
2961,5784,6
2962,5792,6
2963,5789,6
2964,5794,6
2965,5793,6
2966,5799,6
2967,5805,6
2968,5802,6
2969,5807,6
2970,5804,6
2971,5838,6
2972,5832,6
2973,5829,6
2974,5847,6
2975,5851,6
2976,5856,6
2977,5878,6
2978,5871,6
2979,5880,6
2980,5873,6
2981,5892,6
2982,5902,6
2983,5900,6
2984,5904,6
2985,5920,6
2986,5918,6
2987,5935,6
2988,5928,6
2989,5926,6
2990,5938,6
2991,5939,6
2992,5940,6
2993,5948,6
2994,5944,6
2995,5949,6
2996,5997,6
2997,5739,6
2998,575,6
2999,29,6
3000,47,6
3001,7209,6
3002,7217,6
3003,717,6
3004,7238,6
3005,34,6
3006,229,6
3007,241,6
3008,290,6
3009,299,6
3010,430,6
3011,427,6
3012,447,6
3013,450,6
3014,452,6
3015,587,6
3016,706,6
3017,805,6
3018,818,6
3019,849,6
3020,7132,6
3021,7256,6
3022,5245,4
3023,5301,4
3024,5401,4
3025,56,4
3026,65,4
3027,5556,4
3028,89,4
3029,5560,4
3030,5583,4
3031,180,4
3032,5512,4
3033,226,4
3034,304,4
3035,5616,4
3036,5610,4
3037,5693,4
3038,4955,4
3039,710,4
3040,5883,4
3041,5915,4
3042,811,4
3043,5895,4
3044,766,4
3045,35,4
3046,92,4
3047,482,4
3048,483,4
3049,291,4
3050,314,4
3051,295,4
3052,351,4
3053,368,4
3054,459,4
3055,491,4
3056,5517,4
3057,5518,4
3058,607,4
3059,663,4
3060,629,4
3061,638,4
3062,746,4
3063,699,4
3064,721,4
3065,4890,4
3066,743,4
3067,772,4
3068,778,4
3069,5522,4
3070,827,4
3071,902,4
3072,5526,4
3073,5042,4
3074,4970,4
3075,4969,4
3076,646,4
3077,4974,4
3078,4975,4
3079,402,4
3080,5718,4
3081,5760,4
3082,4987,4
3083,4988,4
3084,5007,4
3085,4996,4
3086,5014,4
3087,5020,4
3088,5019,4
3089,5021,4
3090,5410,4
3091,5415,4
3092,5413,4
3093,5025,4
3094,5029,4
3095,5030,4
3096,5037,4
3097,5040,4
3098,5418,4
3099,5041,4
3100,5445,4
3101,5446,4
3102,5051,4
3103,5054,4
3104,5057,4
3105,5059,4
3106,5060,4
3107,5467,4
3108,5196,4
3109,5466,4
3110,5468,4
3111,5483,4
3112,5062,4
3113,5969,4
3114,5487,4
3115,5989,4
3116,5202,4
3117,5204,4
3118,5213,4
3119,5217,4
3120,5265,4
3121,5494,4
3122,5493,4
3123,5497,4
3124,5071,4
3125,5084,4
3126,5510,4
3127,5508,4
3128,5509,4
3129,5088,4
3130,72,4
3131,74,4
3132,86,4
3133,4754,4
3134,84,4
3135,95,4
3136,96,4
3137,647,4
3138,120,4
3139,122,4
3140,139,4
3141,137,4
3142,143,4
3143,5501,4
3144,144,4
3145,145,4
3146,150,4
3147,154,4
3148,163,4
3149,162,4
3150,168,4
3151,167,4
3152,166,4
3153,184,4
3154,181,4
3155,178,4
3156,195,4
3157,185,4
3158,199,4
3159,201,4
3160,215,4
3161,5975,4
3162,216,4
3163,231,4
3164,247,4
3165,242,4
3166,4757,4
3167,648,4
3168,5612,4
3169,4939,4
3170,649,4
3171,296,4
3172,303,4
3173,306,4
3174,309,4
3175,312,4
3176,318,4
3177,322,4
3178,323,4
3179,336,4
3180,14,4
3181,349,4
3182,362,4
3183,374,4
3184,379,4
3185,5189,4
3186,410,4
3187,404,4
3188,407,4
3189,382,4
3190,551,4
3191,385,4
3192,433,4
3193,396,4
3194,395,4
3195,392,4
3196,423,4
3197,428,4
3198,432,4
3199,448,4
3200,446,4
3201,480,4
3202,455,4
3203,466,4
3204,470,4
3205,468,4
3206,472,4
3207,477,4
3208,475,4
3209,476,4
3210,489,4
3211,494,4
3212,497,4
3213,496,4
3214,498,4
3215,3,4
3216,530,4
3217,98,4
3218,535,4
3219,538,4
3220,552,4
3221,540,4
3222,544,4
3223,554,4
3224,555,4
3225,5100,4
3226,562,4
3227,561,4
3228,567,4
3229,570,4
3230,2,4
3231,19,4
3232,27,4
3233,579,4
3234,578,4
3235,580,4
3236,53,4
3237,583,4
3238,582,4
3239,584,4
3240,586,4
3241,585,4
3242,172,4
3243,589,4
3244,595,4
3245,211,4
3246,601,4
3247,599,4
3248,603,4
3249,602,4
3250,604,4
3251,397,4
3252,608,4
3253,617,4
3254,606,4
3255,5654,4
3256,610,4
3257,5866,4
3258,613,4
3259,614,4
3260,616,4
3261,615,4
3262,626,4
3263,623,4
3264,622,4
3265,624,4
3266,634,4
3267,632,4
3268,636,4
3269,639,4
3270,643,4
3271,642,4
3272,645,4
3273,644,4
3274,403,4
3275,652,4
3276,761,4
3277,653,4
3278,657,4
3279,245,4
3280,659,4
3281,661,4
3282,664,4
3283,662,4
3284,227,4
3285,666,4
3286,672,4
3287,675,4
3288,676,4
3289,677,4
3290,680,4
3291,391,4
3292,681,4
3293,709,4
3294,685,4
3295,490,4
3296,690,4
3297,692,4
3298,689,4
3299,694,4
3300,5978,4
3301,481,4
3302,695,4
3303,700,4
3304,71,4
3305,705,4
3306,703,4
3307,712,4
3308,704,4
3309,5967,4
3310,714,4
3311,719,4
3312,722,4
3313,488,4
3314,724,4
3315,730,4
3316,5979,4
3317,734,4
3318,739,4
3319,744,4
3320,748,4
3321,559,4
3322,752,4
3323,751,4
3324,753,4
3325,762,4
3326,756,4
3327,591,4
3328,767,4
3329,774,4
3330,593,4
3331,777,4
3332,780,4
3333,776,4
3334,5047,4
3335,619,4
3336,789,4
3337,786,4
3338,822,4
3339,791,4
3340,794,4
3341,797,4
3342,5473,4
3343,804,4
3344,807,4
3345,809,4
3346,812,4
3347,813,4
3348,760,4
3349,823,4
3350,824,4
3351,5525,4
3352,5527,4
3353,875,4
3354,873,4
3355,4870,4
3356,4770,4
3357,5109,4
3358,4979,4
3359,904,4
3360,5015,4
3361,838,4
3362,5036,4
3363,5988,4
3364,5053,4
3365,5485,4
3366,62,4
3367,5214,4
3368,25,4
3369,99,4
3370,100,4
3371,121,4
3372,133,4
3373,135,4
3374,148,4
3375,153,4
3376,164,4
3377,165,4
3378,175,4
3379,173,4
3380,179,4
3381,183,4
3382,217,4
3383,224,4
3384,5976,4
3385,4781,4
3386,293,4
3387,294,4
3388,301,4
3389,313,4
3390,324,4
3391,331,4
3392,334,4
3393,341,4
3394,4942,4
3395,353,4
3396,357,4
3397,369,4
3398,4789,4
3399,405,4
3400,393,4
3401,439,4
3402,5295,4
3403,442,4
3404,451,4
3405,463,4
3406,5115,4
3407,467,4
3408,474,4
3409,485,4
3410,495,4
3411,4817,4
3412,539,4
3413,553,4
3414,5296,4
3415,4799,4
3416,581,4
3417,598,4
3418,4801,4
3419,631,4
3420,5325,4
3421,641,4
3422,651,4
3423,4805,4
3424,5696,4
3425,674,4
3426,687,4
3427,5311,4
3428,716,4
3429,720,4
3430,783,4
3431,787,4
3432,795,4
3433,808,4
3434,5323,4
3435,5305,4
3436,5111,4
3437,5114,4
3438,4795,4
3439,4811,4
3440,4794,4
3441,5991,4
3442,5121,4
3443,4819,4
3444,5326,4
3445,5119,4
3446,4826,4
3447,5122,4
3448,4885,4
3449,4824,4
3450,4913,4
3451,4899,4
3452,4923,4
3453,4919,4
3454,5043,4
3455,4830,4
3456,5124,4
3457,5348,4
3458,5368,4
3459,5420,4
3460,5554,4
3461,5130,4
3462,5646,4
3463,4836,4
3464,4837,4
3465,5675,4
3466,4840,4
3467,5112,4
3468,5816,4
3469,5908,4
3470,4848,4
3471,4851,4
3472,5941,4
3473,5953,4
3474,4852,4
3475,5952,4
3476,45,4
3477,1,4
3478,828,4
3479,117,4
3480,119,4
3481,149,4
3482,208,4
3483,4956,4
3484,298,4
3485,4958,4
3486,327,4
3487,456,4
3488,5138,4
3489,529,4
3490,209,4
3491,7135,4
3492,4862,4
3493,7188,4
3494,4960,4
3495,5986,4
3496,4867,4
3497,4868,4
3498,5992,4
3499,4869,4
3500,4877,4
3501,4966,4
3502,4968,4
3503,4982,4
3504,5144,4
3505,5471,4
3506,4888,4
3507,4889,4
3508,5712,4
3509,4891,4
3510,5149,4
3511,4896,4
3512,5027,4
3513,4915,4
3514,5882,4
3515,4917,4
3516,4918,4
3517,5860,4
3518,5155,4
3519,4931,4
3520,5342,4
3521,5181,4
3522,7203,4
3523,5159,4
3524,5164,4
3525,4947,4
3526,4951,4
3527,13,4
3528,5183,4
3529,5184,4
3530,4954,4
3531,4944,4
3532,4946,4
3533,5218,4
3534,5230,4
3535,5225,4
3536,5239,4
3537,5256,4
3538,5279,4
3539,5276,4
3540,5272,4
3541,5287,4
3542,5358,4
3543,5283,4
3544,5291,4
3545,5298,4
3546,5294,4
3547,5300,4
3548,5321,4
3549,5309,4
3550,5320,4
3551,5334,4
3552,5339,4
3553,5332,4
3554,5331,4
3555,5353,4
3556,5356,4
3557,5364,4
3558,5370,4
3559,5372,4
3560,5376,4
3561,5379,4
3562,5377,4
3563,5383,4
3564,5387,4
3565,5398,4
3566,5393,4
3567,5399,4
3568,5431,4
3569,5422,4
3570,5429,4
3571,5428,4
3572,5427,4
3573,5439,4
3574,5436,4
3575,5440,4
3576,5453,4
3577,5457,4
3578,5456,4
3579,5503,4
3580,5502,4
3581,5533,4
3582,5538,4
3583,5537,4
3584,5541,4
3585,5540,4
3586,5545,4
3587,5552,4
3588,5551,4
3589,5559,4
3590,5561,4
3591,5569,4
3592,5570,4
3593,5562,4
3594,5565,4
3595,5572,4
3596,5573,4
3597,5571,4
3598,5575,4
3599,5596,4
3600,5593,4
3601,5594,4
3602,5598,4
3603,5585,4
3604,5592,4
3605,5605,4
3606,5617,4
3607,5627,4
3608,5618,4
3609,5620,4
3610,5639,4
3611,5634,4
3612,5629,4
3613,5632,4
3614,5636,4
3615,5651,4
3616,5653,4
3617,5652,4
3618,5659,4
3619,5667,4
3620,5680,4
3621,5676,4
3622,5681,4
3623,5694,4
3624,5686,4
3625,5695,4
3626,5702,4
3627,5704,4
3628,5726,4
3629,5725,4
3630,5720,4
3631,5727,4
3632,5740,4
3633,5741,4
3634,5733,4
3635,5742,4
3636,5750,4
3637,5744,4
3638,5764,4
3639,5759,4
3640,5768,4
3641,5770,4
3642,5779,4
3643,5785,4
3644,5790,4
3645,5795,4
3646,5813,4
3647,5811,4
3648,5812,4
3649,5809,4
3650,5820,4
3651,5817,4
3652,5821,4
3653,5814,4
3654,5822,4
3655,5833,4
3656,5830,4
3657,5835,4
3658,5836,4
3659,5839,4
3660,5841,4
3661,5842,4
3662,5850,4
3663,5849,4
3664,5858,4
3665,5855,4
3666,5859,4
3667,5885,4
3668,5890,4
3669,5888,4
3670,5889,4
3671,5901,4
3672,5907,4
3673,5911,4
3674,5917,4
3675,5919,4
3676,5914,4
3677,5927,4
3678,5923,4
3679,5929,4
3680,5931,4
3681,5946,4
3682,5943,4
3683,5955,4
3684,5957,4
3685,5954,4
3686,5964,4
3687,5960,4
3688,5966,4
3689,5995,4
3690,5999,4
3691,6003,4
3692,26,4
3693,333,4
3694,159,4
3695,9,4
3696,10,4
3697,230,4
3698,4831,4
3699,24,4
3700,5135,4
3701,7079,4
3702,188,4
3703,4,4
3704,85,4
3705,7083,4
3706,8,4
3707,51,4
3708,186,4
3709,7097,4
3710,7118,4
3711,88,4
3712,23,4
3713,39,4
3714,190,4
3715,7136,4
3716,28,4
3717,32,4
3718,91,4
3719,31,4
3720,36,4
3721,176,4
3722,37,4
3723,7187,4
3724,7190,4
3725,7189,4
3726,60,4
3727,55,4
3728,59,4
3729,207,4
3730,205,4
3731,7207,4
3732,7201,4
3733,7202,4
3734,7206,4
3735,7214,4
3736,64,4
3737,66,4
3738,7216,4
3739,238,4
3740,7244,4
3741,78,4
3742,7254,4
3743,79,4
3744,80,4
3745,218,4
3746,83,4
3747,7261,4
3748,7265,4
3749,221,4
3750,7,4
3751,5,4
3752,223,4
3753,68,4
3754,41,4
3755,82,4
3756,156,4
3757,212,4
3758,237,4
3759,197,4
3760,232,4
3761,22,4
3762,547,4
3763,87,4
3764,123,4
3765,233,4
3766,134,4
3767,158,4
3768,155,4
3769,198,4
3770,214,4
3771,174,4
3772,228,4
3773,203,4
3774,182,4
3775,234,4
3776,240,4
3777,236,4
3778,292,4
3779,297,4
3780,311,4
3781,340,4
3782,356,4
3783,348,4
3784,406,4
3785,394,4
3786,389,4
3787,401,4
3788,437,4
3789,449,4
3790,429,4
3791,460,4
3792,453,4
3793,471,4
3794,479,4
3795,473,4
3796,469,4
3797,532,4
3798,627,4
3799,572,4
3800,536,4
3801,573,4
3802,542,4
3803,577,4
3804,588,4
3805,590,4
3806,576,4
3807,592,4
3808,618,4
3809,600,4
3810,596,4
3811,658,4
3812,635,4
3813,625,4
3814,640,4
3815,656,4
3816,686,4
3817,673,4
3818,670,4
3819,682,4
3820,688,4
3821,683,4
3822,707,4
3823,696,4
3824,723,4
3825,727,4
3826,708,4
3827,725,4
3828,728,4
3829,729,4
3830,754,4
3831,757,4
3832,755,4
3833,796,4
3834,779,4
3835,769,4
3836,788,4
3837,819,4
3838,821,4
3839,816,4
3840,820,4
3841,826,4
3842,191,4
3843,157,4
3844,187,4
3845,33,4
3846,7139,4
3847,38,4
3848,52,4
3849,54,4
3850,206,4
3851,7205,4
3852,7243,4
3853,219,4
3854,243,4
3855,7241,4
3856,5104,2
3857,5192,2
3858,7328,2
3859,5150,2
3860,5247,2
3861,5367,2
3862,5394,2
3863,4936,2
3864,5424,2
3865,5450,2
3866,5574,2
3867,5590,2
3868,5701,2
3869,5777,2
3870,5513,2
3871,5631,2
3872,4814,2
3873,5514,2
3874,5516,2
3875,462,2
3876,434,2
3877,4858,2
3878,4959,2
3879,4880,2
3880,4964,2
3881,4906,2
3882,4908,2
3883,865,2
3884,4927,2
3885,4925,2
3886,4978,2
3887,4980,2
3888,5359,2
3889,5531,2
3890,4985,2
3891,5128,2
3892,4992,2
3893,4991,2
3894,4995,2
3895,5002,2
3896,5008,2
3897,5173,2
3898,5018,2
3899,5017,2
3900,5177,2
3901,5178,2
3902,5191,2
3903,5180,2
3904,5193,2
3905,5190,2
3906,5414,2
3907,5417,2
3908,5026,2
3909,5035,2
3910,5038,2
3911,5448,2
3912,5197,2
3913,5479,2
3914,5063,2
3915,5481,2
3916,5201,2
3917,5254,2
3918,5216,2
3919,4935,2
3920,5489,2
3921,5491,2
3922,5077,2
3923,5072,2
3924,5990,2
3925,5081,2
3926,5506,2
3927,5507,2
3928,138,2
3929,5090,2
3930,70,2
3931,4937,2
3932,4756,2
3933,5185,2
3934,5211,2
3935,4759,2
3936,4760,2
3937,5288,2
3938,4762,2
3939,7208,2
3940,4763,2
3941,5167,2
3942,4766,2
3943,5103,2
3944,5248,2
3945,316,2
3946,5977,2
3947,713,2
3948,4849,2
3949,5980,2
3950,4875,2
3951,5046,2
3952,4767,2
3953,4907,2
3954,5530,2
3955,4771,2
3956,5075,2
3957,5129,2
3958,4772,2
3959,5010,2
3960,5016,2
3961,5022,2
3962,4774,2
3963,5447,2
3964,5056,2
3965,4782,2
3966,4777,2
3967,5210,2
3968,5187,2
3969,4783,2
3970,4785,2
3971,4786,2
3972,4787,2
3973,560,2
3974,4802,2
3975,4807,2
3976,4808,2
3977,4809,2
3978,4773,2
3979,5289,2
3980,5324,2
3981,5117,2
3982,4804,2
3983,5312,2
3984,4818,2
3985,5310,2
3986,4810,2
3987,5984,2
3988,4820,2
3989,4822,2
3990,4962,2
3991,5700,2
3992,4825,2
3993,5074,2
3994,4827,2
3995,4828,2
3996,5028,2
3997,4829,2
3998,5307,2
3999,4832,2
4000,5125,2
4001,4834,2
4002,5536,2
4003,5669,2
4004,4838,2
4005,5732,2
4006,4841,2
4007,4842,2
4008,5758,2
4009,5808,2
4010,5126,2
4011,5131,2
4012,4846,2
4013,5845,2
4014,4847,2
4015,5872,2
4016,5136,2
4017,5137,2
4018,4853,2
4019,4854,2
4020,4857,2
4021,4957,2
4022,4860,2
4023,5139,2
4024,5142,2
4025,4874,2
4026,4961,2
4027,4963,2
4028,4882,2
4029,4967,2
4030,4884,2
4031,4886,2
4032,4897,2
4033,5772,2
4034,4898,2
4035,5011,2
4036,5327,2
4037,4916,2
4038,5936,2
4039,5153,2
4040,4921,2
4041,4924,2
4042,5156,2
4043,5158,2
4044,5163,2
4045,4953,2
4046,4932,2
4047,5166,2
4048,4933,2
4049,4934,2
4050,5234,2
4051,5242,2
4052,5252,2
4053,5263,2
4054,5259,2
4055,5274,2
4056,5268,2
4057,5277,2
4058,5286,2
4059,5304,2
4060,5290,2
4061,5317,2
4062,5306,2
4063,5330,2
4064,5346,2
4065,5350,2
4066,5349,2
4067,5352,2
4068,5365,2
4069,5371,2
4070,5373,2
4071,5374,2
4072,5366,2
4073,5382,2
4074,5421,2
4075,5444,2
4076,5432,2
4077,5455,2
4078,5451,2
4079,5458,2
4080,5454,2
4081,5461,2
4082,5532,2
4083,5557,2
4084,5547,2
4085,5548,2
4086,5553,2
4087,5546,2
4088,5558,2
4089,5576,2
4090,5584,2
4091,5581,2
4092,5587,2
4093,5588,2
4094,5603,2
4095,5609,2
4096,5606,2
4097,5604,2
4098,5619,2
4099,5625,2
4100,5621,2
4101,5637,2
4102,5640,2
4103,5641,2
4104,5642,2
4105,5645,2
4106,5650,2
4107,5661,2
4108,5678,2
4109,5674,2
4110,5690,2
4111,5683,2
4112,5687,2
4113,5689,2
4114,5691,2
4115,5705,2
4116,5710,2
4117,5707,2
4118,5703,2
4119,5708,2
4120,5719,2
4121,5743,2
4122,5735,2
4123,5736,2
4124,5746,2
4125,5756,2
4126,5749,2
4127,5757,2
4128,5762,2
4129,5771,2
4130,5765,2
4131,5776,2
4132,5782,2
4133,5775,2
4134,5781,2
4135,5786,2
4136,5783,2
4137,5797,2
4138,5791,2
4139,5800,2
4140,5810,2
4141,5815,2
4142,5825,2
4143,5819,2
4144,5826,2
4145,5824,2
4146,5827,2
4147,5831,2
4148,5840,2
4149,5844,2
4150,5867,2
4151,5857,2
4152,5854,2
4153,5874,2
4154,5868,2
4155,5876,2
4156,5881,2
4157,5879,2
4158,5887,2
4159,5893,2
4160,5894,2
4161,5891,2
4162,5899,2
4163,5906,2
4164,5898,2
4165,5913,2
4166,5912,2
4167,5909,2
4168,5921,2
4169,5930,2
4170,5932,2
4171,5933,2
4172,5937,2
4173,5945,2
4174,5942,2
4175,5965,2
4176,5958,2
4177,6002,2
4178,5993,2
4179,5998,2
4180,5994,2
4181,6000,2
4182,18,2
4183,5388,2
4184,5962,2
4185,5250,2
4186,7267,2
4187,492,2
4188,594,2
4189,192,2
4190,20,5
4191,58,5
4192,193,5
4193,244,5
4194,484,5
4195,486,5
4196,5168,5
4197,5065,5
4198,5066,5
4199,5067,5
4200,7268,5
4201,69,5
4202,73,5
4203,5973,5
4204,160,5
4205,202,5
4206,308,5
4207,335,5
4208,343,5
4209,386,5
4210,384,5
4211,388,5
4212,387,5
4213,435,5
4214,438,5
4215,440,5
4216,441,5
4217,444,5
4218,443,5
4219,445,5
4220,457,5
4221,7184,5
4222,534,5
4223,558,5
4224,563,5
4225,565,5
4226,718,5
4227,612,5
4228,621,5
4229,655,5
4230,654,5
4231,732,5
4232,569,5
4233,793,5
4234,5529,5
4235,142,5
4236,248,5
4237,390,5
4238,431,5
4239,436,5
4240,533,5
4241,564,5
4242,566,5
4243,574,5
4244,733,5
4245,771,5
4246,77,5
4247,81,5
4248,691,5
4249,697,5
4250,7210,5
4251,5012,5
4252,11,5
4253,5270,5
4254,5337,5
4255,5602,5
4256,5677,5
4257,5745,5
4258,5837,5
4259,5905,5
4260,6,5
4261,16,5
4262,94,5
4263,57,5
4264,67,5
4265,305,5
4266,40,5
4267,75,5
4268,426,5
4269,222,5
4270,225,5
4271,7140,5
4272,141,5
4273,325,5
4274,454,5
4275,568,5
4276,196,5
4277,220,5
4278,20,7
4279,58,7
4280,193,7
4281,244,7
4282,484,7
4283,486,7
4284,5168,7
4285,5065,7
4286,5066,7
4287,5067,7
4288,7268,7
4289,69,7
4290,73,7
4291,5973,7
4292,160,7
4293,202,7
4294,308,7
4295,335,7
4296,343,7
4297,386,7
4298,384,7
4299,388,7
4300,387,7
4301,435,7
4302,438,7
4303,440,7
4304,441,7
4305,444,7
4306,443,7
4307,445,7
4308,457,7
4309,7184,7
4310,534,7
4311,558,7
4312,563,7
4313,565,7
4314,718,7
4315,612,7
4316,621,7
4317,655,7
4318,654,7
4319,732,7
4320,569,7
4321,793,7
4322,5529,7
4323,142,7
4324,248,7
4325,390,7
4326,431,7
4327,436,7
4328,533,7
4329,564,7
4330,566,7
4331,574,7
4332,733,7
4333,771,7
4334,77,7
4335,81,7
4336,691,7
4337,697,7
4338,7210,7
4339,5012,7
4340,11,7
4341,5270,7
4342,5337,7
4343,5602,7
4344,5677,7
4345,5745,7
4346,5837,7
4347,5905,7
4348,6,7
4349,16,7
4350,94,7
4351,57,7
4352,67,7
4353,305,7
4354,40,7
4355,75,7
4356,426,7
4357,222,7
4358,225,7
4359,7140,7
4360,141,7
4361,325,7
4362,454,7
4363,568,7
4364,196,7
4365,220,7
